Number,Description,Cost,Availability,ImageURL
HR 07 AH 1818,Premium VIP number for cars,₹50K,In Stock,https://placehold.co/300x200/ff0000/ffffff?text=HR1234
HR 07 AH 2727,Premium VIP number for cars,₹50K,In Stock,https://placehold.co/300x200/ff0000/ffffff?text=HR1234
HR 07 AH 2700,Premium VIP number for cars,₹50K,In Stock,https://placehold.co/300x200/ff0000/ffffff?text=HR1234
HR 07 AH 5400,Premium VIP number for cars,₹50K,In Stock,https://placehold.co/300x200/ff0000/ffffff?text=HR1234
HR 07 AH 6300,Premium VIP number for cars,₹50K,In Stock,https://placehold.co/300x200/ff0000/ffffff?text=HR1234
HR 07 AH 6363,Premium VIP number for cars,₹50K,In Stock,https://placehold.co/300x200/ff0000/ffffff?text=HR1234
HR 07 AH 7200,Premium VIP number for cars,₹50K,In Stock,https://placehold.co/300x200/ff0000/ffffff?text=HR1234
HR 07 AH 7272,Premium VIP number for cars,₹50K,In Stock,https://placehold.co/300x200/ff0000/ffffff?text=HR1234
HR 07 AH 8100,Premium VIP number for cars,₹50K,In Stock,https://placehold.co/300x200/ff0000/ffffff?text=HR1234
HR 07 AH 9090,Premium VIP number for cars,₹75K,In Stock,https://placehold.co/300x200/ff0000/ffffff?text=HR1234
HR 07 AG 3100,Premium VIP number for cars,₹50K,In Stock,https://placehold.co/300x200/ff0000/ffffff?text=HR1234
HR 07 AG 3131,Premium VIP number for cars,₹50K,In Stock,https://placehold.co/300x200/ff0000/ffffff?text=HR1234
HR 07 AG 5700,Premium VIP number for cars,₹50K,In Stock,https://placehold.co/300x200/ff0000/ffffff?text=HR1234
HR 07 AG 8055,Premium VIP number for cars,₹50K,In Stock,https://placehold.co/300x200/ff0000/ffffff?text=HR1234
HR 97 B 4141,Premium VIP number for cars,₹50K,In Stock,https://placehold.co/300x200/ff0000/ffffff?text=HR1234
HR 18 F 4141,Premium VIP number for cars,₹50K,In Stock,https://placehold.co/300x200/ff0000/ffffff?text=HR1234
HR 960 960,Premium VIP number for cars,₹26K,In Stock,https://placehold.co/300x200/ff0000/ffffff?text=HR1234
HR 93 D 9393,Premium VIP number for cars,₹1.5,In Stock,https://placehold.co/300x200/ff0000/ffffff?text=HR1234
HR 36 AU 3636,Premium VIP number for cars,₹1.5L,In Stock,https://placehold.co/300x200/ff0000/ffffff?text=HR1234
HR 36 AU 3600,Premium VIP number for cars,₹1l,In Stock,https://placehold.co/300x200/ff0000/ffffff?text=HR1234
HR 25 * 2525,Premium VIP number for cars,₹2.5L,In Stock,https://placehold.co/300x200/ff0000/ffffff?text=HR1234
HR 01 * 8888,Premium VIP number for cars,₹2L,In Stock,https://placehold.co/300x200/ff0000/ffffff?text=HR1234
HR 29 ** 1111,Premium VIP number for cars,₹2.5L,In Stock,https://placehold.co/300x200/ff0000/ffffff?text=HR1234
HR 06 ** 8888,Premium VIP number for cars,₹2.2L,In Stock,https://placehold.co/300x200/ff0000/ffffff?text=HR1234
HR 06 A* 8888,Premium VIP number for cars,₹2.2L,In Stock,https://placehold.co/300x200/ff0000/ffffff?text=HR1234
HR 93 * 0001,Premium VIP number for cars,₹19L,In Stock,https://placehold.co/300x200/ff0000/ffffff?text=HR1234
HR 35 * 0001,Premium VIP number for cars,₹19L,In Stock,https://placehold.co/300x200/ff0000/ffffff?text=HR1234
HR 96 3333,Premium VIP number for cars,₹3.5L,In Stock,https://placehold.co/300x200/ff0000/ffffff?text=HR1234
HR 20 ** 0013,Premium VIP number for cars,₹1.8L,In Stock,https://placehold.co/300x200/ff0000/ffffff?text=HR1234
HR 21 * 0012,Premium VIP number for cars,₹1.5L,In Stock,https://placehold.co/300x200/ff0000/ffffff?text=HR1234
HR 76 * 4444,Premium VIP number for cars,₹1.5L,In Stock,https://placehold.co/300x200/ff0000/ffffff?text=HR1234
HR 78 * 4444,Premium VIP number for cars,₹1.5L,In Stock,https://placehold.co/300x200/ff0000/ffffff?text=HR1234
HR 34 * 7777,Premium VIP number for cars,₹3L,In Stock,https://placehold.co/300x200/ff0000/ffffff?text=HR1234
HR 77 * 7777,Premium VIP number for cars,₹16L,In Stock,https://placehold.co/300x200/ff0000/ffffff?text=HR1234
